ticker,titulo,resumen,fuente,fecha,url,sentiment_label,sentiment_score
NVDA,Gibraltar Industries stock hits 52-week low at $35.21 By Investing.com,"Gibraltar Industries (ROCK) stock has fallen to a new 52-week low of $35.21, a 53% decrease from its high and a 43% drop over the last year. Despite a recent earnings beat in revenue, EPS fell short of expectations. Analysts see a potential 72% upside, with price targets ranging from $55 to $86.",Investing.com Nigeria,20260519T224135,https://ng.investing.com/news/company-news/gibraltar-industries-stock-hits-52week-low-at-3521-93CH-2516574,Neutral,0.103711
NVDA,"Transcript : PTC Inc. Presents at J.P. Morgan 54th Annual Global Technology, Media and Communications Conference, May-19-2026 02","PTC Inc. presented at the J.P. Morgan 54th Annual Global Technology, Media and Communications Conference on May 19, 2026. The transcript for this event is published from S&P Capital IQ. The article indicates that accessing the full transcript requires a subscription.",www.marketscreener.com,20260519T205000,https://www.marketscreener.com/news/transcript-ptc-inc-presents-at-j-p-morgan-54th-annual-global-technology-media-and-communication-ce7f5ad8da8dfe21,Somewhat-Bullish,0.344735
NVDA,"Transcript : QUALCOMM Incorporated Presents at J.P. Morgan 54th Annual Global Technology, Media and Communications Conference, May-19-2026 03","This article is a transcript from QUALCOMM Incorporated's presentation at the J.P. Morgan 54th Annual Global Technology, Media and Communications Conference on May 19, 2026. The fireside chat featured an analyst and a Qualcomm representative. Full access to the transcript is reserved for subscribers.",www.marketscreener.com,20260519T205000,https://www.marketscreener.com/news/transcript-qualcomm-incorporated-presents-at-j-p-morgan-54th-annual-global-technology-media-and-ce7f5ad8da8dfe25,Neutral,0.104899
NVDA,Why Eaton (ETN) Is Benefiting From AI’s Grid-to-Chip Power Demands,"Eaton Corporation plc (NYSE:ETN) is a key beneficiary of the growing power demands of AI data centers. The company reported record first-quarter 2026 sales, with significant growth in its Electrical Americas segment driven by data-center momentum. Eaton's role in power distribution, cooling, and grid connection, along with its collaboration with NVIDIA, positions it strongly within the AI infrastructure market.",Insider Monkey,20260519T202838,https://www.insidermonkey.com/blog/why-eaton-etn-is-benefiting-from-ais-grid-to-chip-power-demands-1765229/,Somewhat-Bullish,0.214358
NVDA,"Stock Market Today: SPY, QQQ Retreat as Inflation Pressures Drive Bond Yields Higher","U.S. equities, specifically the S&P 500 ETF (SPY) and Nasdaq 100 ETF (QQQ), closed lower on Tuesday due to rising bond yields and elevated inflation expectations. The 30-year Treasury yield reached its highest level since April 2007, and the 10-year yield hit a 16-month high, as rate cut odds for 2026 plummeted. Higher yields are generally negative for stocks as they make bonds more attractive to investors and reduce the present value of future earnings.",TipRanks,20260519T202448,https://www.tipranks.com/news/stock-market-today-spy-qqq-retreat-as-inflation-pressures-drive-bond-yields-higher,Somewhat-Bullish,0.307657
NVDA,Is American Express Stock Still Worth Buying After Earnings?,"American Express (AXP) reported strong double-digit growth in both revenue and earnings for its latest quarter, exceeding analyst estimates. Despite these positive results and optimistic guidance for the full year, investor reaction has been subdued, leading to the stock lagging the S&P 500. The article suggests this presents a buying opportunity, highlighting Amex's affluent customer base, strong brand appeal, and popular rewards program as insulators against economic concerns and potential AI disruption.",The Globe and Mail,20260519T200518,https://www.theglobeandmail.com/investing/markets/stocks/INTC/pressreleases/2024556/is-american-express-stock-still-worth-buying-after-earnings/,Bullish,0.724643
NVDA,Radcom (RDCM) Q1 2026 Earnings Transcript,"Radcom (RDCM) reported a strong start to 2026 with 12% year-over-year revenue growth, reaching $18.6 million, and an expanded non-GAAP operating margin of 20.1%. The company reaffirmed its full-year revenue guidance of 8%-12% growth, driven by a multiyear renewal with a Tier 1 operator to expand AI-driven use cases, the launch of its new AI agent suite RADCOM Neura, and strategic partnerships. Radcom's solutions continue to demonstrate significant cost advantages and are being deployed in large-scale networks, positioning the company well within the evolving AI-native telecom sector.",The Globe and Mail,20260519T194029,https://www.theglobeandmail.com/investing/markets/stocks/NVDA/pressreleases/2023375/radcom-rdcm-q1-2026-earnings-transcript/,Somewhat-Bullish,0.296953
NVDA,QIAGEN to advance AI-driven drug discovery with graph-based AI and curated bioinformatics knowledge with NVIDIA,"QIAGEN announced a collaboration with NVIDIA to integrate NVIDIA's accelerated computing and BioNeMo platform with QIAGEN Digital Insights' bioinformatics business. This initiative aims to enhance AI's role in drug discovery by using graph-based AI to better understand disease biology, identify therapeutic targets, and uncover biomarkers. The collaboration will support various stages of drug discovery, with initial pilot programs available to select pharmaceutical and biotechnology partners.",Yahoo Finance,20260519T194004,https://finance.yahoo.com/sectors/healthcare/articles/qiagen-advance-ai-driven-drug-200500172.html,Bullish,0.430672
NVDA,Roper Technologies declares $0.91 quarterly dividend,"Roper Technologies Inc. announced its Board of Directors has approved a quarterly dividend of $0.91 per share, continuing its 12-consecutive-year streak of dividend increases and 35 years of payments. The dividend, reflecting a 1.1% yield, is payable on July 22, 2026, to stockholders of record by July 8, 2026. This announcement follows strong first-quarter 2026 results and a $1.5 billion share buyback program.",Investing.com,20260519T180831,https://www.investing.com/news/company-news/roper-technologies-declares-091-quarterly-dividend-93CH-4699311,Somewhat-Bearish,-0.217068
NVDA,Guarantor: JPMorgan Chase & Co.,"JPMorgan Chase Financial Company LLC is offering $356,000 Capped Notes linked to the MerQube US Tech+ Vol Advantage Index, fully guaranteed by JPMorgan Chase & Co. These structured investments are designed for investors seeking exposure to the Index's appreciation, up to a maximum return of 26.00% at maturity, with full principal repayment. Investors should be aware that the Index includes a daily deduction of 6.0% per annum and a notional financing cost, both of which will negatively impact performance.",StreetInsider,20260519T180252,https://www.streetinsider.com/SEC+Filings/Form+424B2+JPMORGAN+CHASE+%26amp%3B+CO/26520251.html,Somewhat-Bullish,0.339969
NVDA,"Nvidia shares set for US$350 billion price swing after earnings, options show","Options traders are pricing in a massive US$355 billion swing in Nvidia's market value following its first-quarter earnings report, reflecting continued bullish sentiment for the AI giant but also a desire to protect gains. Implied volatility suggests a 6.5% move in either direction, translating to a significant market capitalization change. Despite high expectations, some investors are hedging their bets, highlighting the tension between bullish views and rising scrutiny of the AI sector's sustainability.",BNN Bloomberg,20260519T173815,https://www.bnnbloomberg.ca/business/2026/05/19/nvidia-shares-set-for-us350-billion-price-swing-after-earnings-options-show/,Bullish,0.435693
NVDA,"Entegris and Kulicke and Soffa Shares Plummet, What You Need To Know","Shares of semiconductor manufacturing companies Entegris (ENTG) and Kulicke and Soffa (KLIC) both fell 2.6% due to a broader selloff in the semiconductor sector. This decline was driven by valuation concerns and investor nervousness ahead of Nvidia's earnings report, which is seen as a key test for the AI boom. Kulicke and Soffa's recent volatility is also linked to a lack of breakthrough in U.S.-China semiconductor talks.",StockStory,20260519T165850,https://stockstory.org/us/stocks/nasdaq/entg/news/why-up-down/entegris-and-kulicke-and-soffa-shares-plummet-what-you-need-to-know,Neutral,0.104585
NVDA,Rocket Lab USA Inc Stock (RKLB) Moved Down by 7.90% on May 19: A Full Analysis,"Rocket Lab USA Inc (RKLB) stock fell by 7.90% on May 19 due to profit-taking after recent gains, speculation around a potential SpaceX IPO creating competitive concerns, and broader macroeconomic headwinds impacting high-growth stocks. Valuation concerns and execution risks related to the Neutron rocket program also contributed to the decline, despite strong Q1 2026 revenue and overall bullish analyst ratings.",TradingKey,20260519T164133,https://www.tradingkey.com/news/market-movers/261911309-market-movers-rklb-20260519,Somewhat-Bullish,0.324688
NVDA,Mizuho Financial Group Inc Stock (MFG) Moved Up by 3.40% on May 19: Key Drivers Unveiled,"Mizuho Financial Group Inc (MFG) saw a 3.40% increase in its stock price on May 19, driven by stronger-than-expected quarterly earnings and positive technical indicators. The company's net income rose due to higher net interest income, influenced by Bank of Japan policy adjustments, and robust fee income from advisory services. Analysts maintain a ""Strong Buy"" rating with an average price target of $10.80, despite some recent negative short-term sentiment.",TradingKey,20260519T163937,https://www.tradingkey.com/news/market-movers/261911306-market-movers-mfg-20260519,Somewhat-Bullish,0.319593
NVDA,TER vs. CSCO: Which AI Infrastructure Stock Is the Better Buy?,"The article compares Teradyne (TER) and Cisco Systems (CSCO), two major AI infrastructure stocks, to determine which offers greater upside potential. It highlights Teradyne's strong growth in semiconductor testing and robotics driven by AI demand, with AI-related revenues accounting for nearly 70% of its Q1 2026 revenues. Cisco is also benefiting from AI, securing $1.9 billion in AI infrastructure orders from hyperscalers in Q3 fiscal 2026, and expects $9 billion in fiscal 2026. While both are positioned for growth, Teradyne is identified as having stronger earnings momentum and a higher Zacks Rank, suggesting greater upside.",TradingView,20260519T163721,https://www.tradingview.com/news/zacks:649edff9b094b:0-ter-vs-csco-which-ai-infrastructure-stock-is-the-better-buy/,Somewhat-Bullish,0.327746
NVDA,"Kinder Morgan (NYSE: KMI) investors back board, auditor and 2026 executive pay","Kinder Morgan, Inc. (KMI) held its 2026 Annual Meeting of Stockholders on May 13, 2026, where investors approved all proposals. Shareholders re-elected eleven directors, ratified PricewaterhouseCoopers LLP as the independent auditor for 2026, and approved the executive compensation program on an advisory basis. A quorum of 1,974,609,446 common shares was present, indicating strong participation and support for the company's proposals.",Stock Titan,20260519T160652,https://www.stocktitan.net/sec-filings/EP/8-k-kinder-morgan-inc-reports-material-event-92171a985403.html,Neutral,0.127843
NVDA,"Rocket Lab Sinks 9%, Planet Labs Tumbles 6%, Intuitive Machines Slides 5%: Space Rally Hits a Wall","Pure-play commercial space stocks like Rocket Lab, Planet Labs, and Intuitive Machines experienced significant drops on Tuesday, attributed to coordinated profit-taking after extreme rallies. Despite the short-term pullback, the underlying bull case for these companies, supported by strong financials, government contracts, and upcoming catalysts, remains intact. Investors are watching for company-specific signals to determine if this is a temporary reset or the start of a deeper unwind in the sector.",24/7 Wall St.,20260519T154133,https://247wallst.com/investing/2026/05/19/rocket-lab-sinks-9-planet-labs-tumbles-6-intuitive-machines-slides-5-space-rally-hits-a-wall/,Neutral,0.101828
NVDA,Bernstein stamps several bitcoin miners with “outperform” ratings: “An integral part of the AI value chain”,"Bernstein analysts have given ""outperform"" ratings to several Bitcoin mining companies, including IREN, Riot Platforms, CleanSpark, and Core Scientific, viewing them as integral to the AI value chain. The report highlights that these miners, with their substantial planned power capacity, are well-positioned to provide compute capacity for hyperscalers and neoclouds in a power-constrained AI landscape. Despite the positive outlook, some industry experts caution that a successful transition to AI infrastructure requires specific conditions like low-cost energy, flexible power agreements, and significant capital, rather than just a PR move.",Sherwood News,20260519T154116,https://sherwood.news/crypto/bernstein-stamps-several-bitcoin-miners-with-outperform-ratings-an-integral-part-of-the-ai-value-chain/,Somewhat-Bullish,0.27473
NVDA,Can SMCI Navigate CapEx & Inventory Headwinds Amid Rapid Scale-Up?,"Super Micro Computer (SMCI) is rapidly expanding its AI data center infrastructure but faces significant capital expenditure and inventory challenges. Despite strong demand for AI, the company's aggressive investment in manufacturing and inventory build-up has strained its working capital and balance sheet, leading to negative operating cash flow. Competitors like Hewlett Packard Enterprise and Dell Technologies are also vying for market share in the growing AI data center market.",TradingView,20260519T153827,https://www.tradingview.com/news/zacks:e7625eab9094b:0-can-smci-navigate-capex-inventory-headwinds-amid-rapid-scale-up/,Somewhat-Bullish,0.208055
NVDA,"Micron, SanDisk Stocks Meet The Bond Time Bomb: 30-Year Yields Hit 19-Year Highs","US Treasury yields have reached multi-year highs, impacting the stock market, especially the semiconductor sector. The bond market selloff, driven by weak long-bond auctions and rising inflation, is creating a ""time bomb"" for high-growth sectors. Memory stock manufacturers like Micron and SanDisk are particularly vulnerable, as rising discount rates challenge the highly-valued ""memory supercycle"" thesis ahead of Nvidia's earnings.",Benzinga,20260519T153814,https://www.benzinga.com/markets/bonds/26/05/52668225/micron-sandisk-stocks-meet-bond-time-bomb-30-year-yields-hit-19-year-highs,Neutral,0.11697
NVDA,A Look At Charles River Laboratories (CRL) Valuation After Recent Share Price Weakness,"Charles River Laboratories International (CRL) has seen its stock price drop by 18% in the past month, leading to questions about its valuation. While one narrative suggests the company is 52.2% undervalued with a fair value of $313.61, indicating fresh interest, Simply Wall St's DCF model calculates a fair value of $78.12, presenting a significant discrepancy. Investors are encouraged to review both perspectives and assess inherent risks, particularly concerning regulatory scrutiny of primate sourcing.",Simply Wall Street,20260519T153021,https://simplywall.st/stocks/us/pharmaceuticals-biotech/nyse-crl/charles-river-laboratories-international/news/a-look-at-charles-river-laboratories-crl-valuation-after-rec-3,Bullish,0.514243
NVDA,CoreWeave Has Raised $20 Billion in Capital This Year. Should Investors Be Worried?,"CoreWeave (CRWV) has secured over $20 billion in capital in 2026, including an $8.5 billion loan, a $2 billion investment from NVIDIA, and a $3.1 billion GPU-backed facility. While its Q1 revenue rose 111.7% year-over-year to $2.08 billion, the company's debt reached $17.3 billion, funding a capital-intensive buildout and resulting in a $740 million net loss and $536 million in interest expense. Investors are monitoring whether the revenue conversion from its $99.4 billion backlog can service its substantial debt, with share prices recently experiencing a pull-back.",Yahoo Finance,20260519T150858,https://finance.yahoo.com/markets/stocks/articles/coreweave-raised-20-billion-capital-144406639.html,Somewhat-Bullish,0.247936
NVDA,CoreWeave Has Raised $20 Billion in Capital This Year. Should Investors Be Worried?,"CoreWeave has raised over $20 billion in capital in 2026, including an $8.5 billion term loan, a $2 billion investment from NVIDIA, and a $3.1 billion GPU-backed loan facility. The company's debt has grown significantly to fund its capital-intensive AI infrastructure buildout, resulting in increased revenue but also substantial net losses and capital expenditures. While a large revenue backlog provides a bull case, investor worries about the rising debt load and execution risk are reflected in recent stock performance.",24/7 Wall St.,20260519T150858,https://247wallst.com/investing/2026/05/19/coreweave-has-raised-20-billion-in-capital-this-year-should-investors-be-worried/,Neutral,0.123014
NVDA,"Automation Anywhere Collaborates with Cisco, NVIDIA, Okta, and OpenAI, Launching EnterpriseClaw to Run Next-Generation AI Agents Inside Enterprise Systems – Company Announcement - FT.com","Automation Anywhere has launched EnterpriseClaw, a new capability developed in collaboration with Cisco, NVIDIA, Okta, and OpenAI, to enable enterprise-grade AI agents. This platform allows organizations to securely deploy autonomous AI agents across various systems, including cloud, desktops, and on-premises environments, with centralized control and governance. EnterpriseClaw aims to help businesses leverage AI for complex operational tasks, ensuring accuracy and security for critical workflows.",Financial Times,20260519T144527,https://markets.ft.com/data/announce/detail?dockey=600-202605191045PR_NEWS_USPRX____SF62598-1,Bullish,0.421897
NVDA,"Cisco, NVIDIA, Okta, OpenAI team on EnterpriseClaw for secure AI agents","Automation Anywhere has partnered with Cisco, NVIDIA, Okta, and OpenAI to launch EnterpriseClaw, a new capability designed to deploy next-generation claw-style AI agents securely across various enterprise systems including cloud, desktop, and on-premises environments. This collaboration aims to provide centralized orchestration, governance, and security for AI agents, integrating technologies like Cisco AI Defense, NVIDIA NIM microservices, Okta's identity management, and OpenAI's models. EnterpriseClaw is currently in preview, with general availability anticipated later in 2026, marking a significant step towards enabling autonomous enterprises where AI agents can execute tasks reliably and securely in complex operational settings.",Stock Titan,20260519T144526,https://www.stocktitan.net/news/CSCO/automation-anywhere-collaborates-with-cisco-nvidia-okta-and-open-ai-2ox6hslyuz3w.html,Somewhat-Bullish,0.224386
NVDA,NorthCoast Asset Management Boosts iShares iBonds Dec 2027 ETF Position,"NorthCoast Asset Management LLC increased its holding in the iShares iBonds Dec 2027 Term Treasury ETF (IBTH) during the first quarter of 2026, acquiring an additional 696,718 shares valued at $15.7 million. This strategic move expanded their IBTH stake to 1.4% of their total 13F assets under management, diversifying a portfolio previously concentrated in equities. The IBTH ETF, which holds government-backed U.S. Treasury securities maturing in December 2027, offers a predictable interest rate duration and a low expense ratio, making it suitable for corporate cash flow planning or fixed-income laddering strategies.",HarianBasis.co,20260519T144040,https://www.harianbasis.co/en/northcoast-asset-management-boosts-ishares-ibonds-etf,Neutral,0.115964
NVDA,Tradr 2X Long CLSK Daily ETF call volume above normal and directionally bullish,"Call option volume for the Tradr 2X Long CLSK Daily ETF (CLSK) is significantly above normal, suggesting a bullish sentiment. Specifically, 20,668 calls traded, which is double the expected volume, and implied volatility increased to 88.81%. The Jun-26 25 calls and 5/22 weekly 14 calls were the most active, accounting for nearly 11,600 contracts.",TipRanks,20260519T144030,https://www.tipranks.com/news/the-fly/tradr-2x-long-clsk-daily-etf-call-volume-above-normal-and-directionally-bullish-thefly-news-5,Bearish,-0.429972
NVDA,KLAC Stock Skyrockets 59% in 6 Months: Is More Upside Ahead?,"KLA Corporation (KLAC) stock has surged 59.3% in the past six months, outperforming the industry, driven by high demand for AI-driven semiconductors, increased investments in advanced chip manufacturing, and growing wafer fabrication spending. The company's Q3 fiscal 2026 results showed double-digit revenue growth and exceeded earnings expectations, reinforcing its strong position as a key beneficiary in the AI infrastructure boom due to its process control and inspection solutions. KLA's robust financial model, industry-leading margins, and consistent shareholder returns through dividends and buybacks further strengthen its outlook.",TradingView,20260519T143753,https://www.tradingview.com/news/zacks:33b9ee10a094b:0-klac-stock-skyrockets-59-in-6-months-is-more-upside-ahead/,Somewhat-Bullish,0.344201
NVDA,This Will Be Johnson and Johnson’s Stock Price in 2027,"Johnson & Johnson (JNJ) reported strong Q1 results with revenue up 9.9% and adjusted EPS beating consensus for the fourth quarter. The company's oncology pipeline, including CARVYKTI and RYBREVANT, is driving growth and offsetting declines in older drugs like STELARA due to biosimilar competition. 24/7 Wall St. maintains a 90% confidence buy rating with a 12-month price target of $252.01, implying a 9.37% upside, and projects the stock could reach $265.94 in a bull scenario driven by oncology strength and the planned Orthopaedics business separation.",24/7 Wall St.,20260519T142050,https://247wallst.com/investing/2026/05/19/this-will-be-johnson-and-johnsons-stock-price-in-2027/,Neutral,0.103376
NVDA,Qualcomm Inc Stock (QCOM) Moved Down by 3.72% on May 19: Key Drivers Unveiled,"Qualcomm (QCOM) stock dropped by 3.72% on May 19th due to renewed analyst skepticism, competitive pressures in the smartphone AI market, and profit-taking after a significant rally. Concerns about valuation, a competitor's rapid advancement in Agentic AI features, and recent insider selling contributed to the downward movement. Despite a ""buy signal"" from MACD, investors are cautious given the company's underperformance in the Technology Equipment sector.",TradingKey,20260519T141611,https://www.tradingkey.com/news/market-movers/261910775-market-movers-qcom-20260519,Neutral,-0.109357
NVDA,Seagate Technology Holdings PLC Stock (STX) Moved Down by 3.20% on May 19: What Investors Need To Know,"Seagate Technology Holdings PLC (STX) stock declined by 3.20% on May 19, driven by concerns over production capacity and a broader sentiment shift in the data storage sector. CEO Dave Mosley's comments on extended lead times for key components have raised investor apprehension about meeting AI-driven demand, despite the company's recent strong financial results and analysts' ""Moderate Buy"" ratings. The decline also reflects a wider profit-taking trend in the semiconductor industry and concerns about STX's overvaluation and insider selling.",TradingKey,20260519T141517,https://www.tradingkey.com/news/market-movers/261910771-market-movers-stx-20260519,Neutral,-0.101338
NVDA,"SMCI SHAREHOLDER NOTICE: Faruqi & Faruqi, LLP Reminds Super Micro (SMCI) Investors of Securities Class Action Deadline on May 26, 2026","Faruqi & Faruqi, LLP is reminding Super Micro Computer, Inc. (SMCI) investors of the May 26, 2026 deadline to seek lead plaintiff status in a federal securities class action lawsuit. The lawsuit alleges that Super Micro made false or misleading statements regarding its sales of servers to Chinese companies, which purportedly violated U.S. export control laws. This legal action follows a Justice Department announcement about an indictment against individuals associated with Super Micro for diverting AI technology to China, causing the company's stock price to fall significantly.",www.marketscreener.com,20260519T140824,https://www.marketscreener.com/news/smci-shareholder-notice-faruqi-faruqi-llp-reminds-super-micro-smci-investors-of-securities-cla-ce7f5adbd18cf122,Bearish,-0.639083
NVDA,Otis Worldwide stock hits 52-week low at 70.62 USD,"Shares of Otis Worldwide Corp (NYSE:OTIS) have dropped to a new 52-week low of $70.62, representing a 26% decline over the past year and nearly 18% year-to-date. Despite analyst revisions for earnings, the company maintains a 2.47% dividend yield and is considered undervalued by InvestingPro analysis. This downturn comes as the company navigates global supply chain challenges and fluctuating construction demand, while also reporting mixed Q1 2026 results and launching a new modernization initiative.",Investing.com,20260519T140813,https://www.investing.com/news/company-news/otis-worldwide-stock-hits-52week-low-at-7062-usd-93CH-4698846,Neutral,0.141505
NVDA,"Buy, Sell or Hold Synopsis Below $500?","Synopsys (SNPS) stock, currently trading below $500, is considered overvalued for its AI story, especially given that its core business growth is mid-single to low-double digits when the Ansys acquisition is excluded. Despite a strong Q1 FY2026 revenue report, Design IP revenue declined as major AI chipmakers use custom proprietary IP, bypassing Synopsys' catalog. The article suggests that cleaner AI exposure exists elsewhere in the semiconductor sector, making Synopsys' premium valuation unwarranted.",24/7 Wall St.,20260519T135823,https://247wallst.com/investing/2026/05/19/buy-sell-or-hold-synopsis-below-500/,Neutral,-0.106816
NVDA,Barclays Research Expects Humanoid Robots to Fundamentally Reshape the Real Economy,"Barclays Research's 71st Equity Gilt Study highlights humanoid robots as the next frontier of AI, moving beyond digital tasks into the real economy. The report predicts that these robots will fundamentally reshape productivity, labor markets, and asset returns, with the market potentially reaching $200 billion by 2035. China is identified as the current leader in robotics, with humanoid deployments expected to fill a significant portion of its workforce gap by 2035.",Financial Times,20260519T133917,https://markets.ft.com/data/announce/detail?dockey=600-202605190915BIZWIRE_USPRX____20260519_BW764488-1,Somewhat-Bullish,0.309244
NVDA,QUALCOMM Incorporated stock (US7475251036): chipmaker rides AI and smartphone demand after recent share price jump,"QUALCOMM's shares have surged due to strong quarterly results and increasing demand for AI-enabled smartphones and PCs. The company, known for its wireless chipsets and extensive patent portfolio, is expanding into automotive, IoT, and AI-capable devices to diversify revenue beyond cyclical smartphone demand. Its licensing segment remains a significant profit contributor, although it faces ongoing regulatory scrutiny.",AD HOC NEWS,20260519T133744,https://www.ad-hoc-news.de/boerse/news/ueberblick/qualcomm-incorporated-stock-us7475251036-chipmaker-rides-ai-and/69373991,Neutral,0.111865
NVDA,"ICE, Ornn plan to launch GPU compute futures contracts","Intercontinental Exchange (ICE) and Ornn are partnering to launch GPU compute futures contracts. These contracts will be based on Ornn’s Compute Price Index (OCPI), which tracks the live-traded spot prices for GPU compute across major hardware types. This initiative aims to provide a much-needed pricing mechanism and risk management tool for the increasingly volatile and fragmented GPU compute market, which has grown significantly with the rise of AI.",FX News Group,20260519T130856,https://fxnewsgroup.com/forex-news/exchanges/ice-ornn-plan-to-launch-gpu-compute-futures-contracts/,Somewhat-Bullish,0.320065
NVDA,Great News: Oracle Stock Could Be One of the Most Underrated AI Infrastructure Stocks,"Oracle (NYSE: ORCL) is striving to transform its database business into a significant AI infrastructure growth engine. The company's partnerships, AI database tools, and extensive data center expansion could lead to substantial upside, though Oracle still needs to demonstrate that this investment translates into improved revenue, earnings, and free cash flow. An analyst team has identified top stock picks, but Oracle was not among their latest recommendations.",The Globe and Mail,20260519T130814,https://www.theglobeandmail.com/investing/markets/stocks/INTC/pressreleases/2015782/great-news-oracle-stock-could-be-one-of-the-most-underrated-ai-infrastructure-stocks/,Somewhat-Bullish,0.337449
NVDA,Leostream Updates Remote Access Platform for Microsoft Azure,"Leostream Corporation has released significant updates to its Remote Desktop Access Platform for Microsoft Azure. These updates include enhanced support for GPU-accelerated virtual machines, compatibility with the upcoming Azure NCv6 based on NVIDIA's Blackwell architecture, and improved integration for Linux desktop deployments. The platform now automates Azure center creation and offers better power management for virtual machines, aiming to optimize cloud compute costs and user experience for high-performance computing workloads.",Business Wire,20260519T130810,https://www.businesswire.com/news/home/20260519446894/en/Leostream-Updates-Remote-Access-Platform-for-Microsoft-Azure,Somewhat-Bullish,0.318352
NVDA,Oxford Lane Capital Corp. Q4 2026 Earnings Call Summary,"Oxford Lane Capital Corp. experienced a significant decline in Net Asset Value (NAV) per share in Q4 2026, primarily due to a drop in U.S. CLO equity values driven by loan spread compression and a loan market sell-off. Despite this, management reported market stabilization quarter-to-date and an improved secondary market liquidity. The company plans to maintain a conservative leverage profile and an opportunistic investment strategy.",Yahoo Finance,20260519T125300,https://finance.yahoo.com/markets/stocks/articles/oxford-lane-capital-corp-q4-165351541.html,Neutral,0.106511
NVDA,Analyzing OKLO Post Q1 Results and Fresh AI-Nuclear Milestones,"Oklo Inc. (OKLO) reported a narrower-than-expected Q1 2026 loss, demonstrating progress in its advanced nuclear energy platform. The company's partnerships with Meta Platforms and NVIDIA link its strategy to clean power for data centers and AI-enabled engineering, despite being a pre-revenue business. While the stock has seen significant gains since its IPO, risks remain due to its early stage, regulatory challenges, and execution requirements for converting partnerships into long-term value.",TradingView,20260519T123946,https://www.tradingview.com/news/zacks:97b02a8fb094b:0-analyzing-oklo-post-q1-results-and-fresh-ai-nuclear-milestones/,Somewhat-Bullish,0.214762
NVDA,AI Chip Energy Efficiency: Hoth Therapeutics Restructures as Rocket One Inc. to Enter the AI Semiconductor Infrastructure Market with Acquisition of Exclusive Rights to Next Generation AI Semiconductor Acceleration Technology Built on Non-Volatile Nanomagnetic Semiconductor Architecture,"Hoth Therapeutics, Inc. (NASDAQ: HOTH) is rebranding as Rocket One, Inc. and shifting its focus to the AI semiconductor infrastructure market. The company has acquired exclusive rights to next-generation AI semiconductor acceleration technology developed at Virginia Commonwealth University, utilizing non-volatile nanomagnetic semiconductor architecture and spintronic computing to address power consumption and efficiency challenges in AI. Hoth's biotechnology programs will continue under a separate, wholly-owned subsidiary.",PR Newswire,20260519T123939,https://www.prnewswire.com/news-releases/ai-chip-energy-efficiency-hoth-therapeutics-restructures-as-rocket-one-inc-to-enter-the-ai-semiconductor-infrastructure-market-with-acquisition-of-exclusive-rights-to-next-generation-ai-semiconductor-acceleration-technology-buil-302776054.html,Bullish,0.429063
NVDA,Needham reiterates Draganfly stock rating after acquisition,"Needham has reiterated its Buy rating and $12.00 price target for Draganfly Inc. (NASDAQ:DPRO) following the company's acquisition of Skip Dynamix for $7.5 million. The deal is seen as strategically positive, expanding Draganfly's capabilities into adjacent defense markets with fixed-wing platforms for ISR, logistics, and precision strike applications. Needham anticipates more significant acquisitions in the near future, which could further broaden Draganfly's presence in the counter-UxS market.",Investing.com,20260519T123917,https://www.investing.com/news/analyst-ratings/needham-reiterates-draganfly-stock-rating-after-acquisition-93CH-4698385,Neutral,0.131533
NVDA,Google and Blackstone Join Forces to Topple Nvidia’s AI Cloud Dominance,"Google and Blackstone are reportedly collaborating to challenge Nvidia's dominance in the AI cloud market. This move comes as Alphabet's stock approaches a $5 trillion market capitalization, indicating the company's active growth strategies. The partnership suggests a significant effort to compete in the rapidly expanding artificial intelligence sector.",Barron's,20260519T120840,https://www.barrons.com/articles/google-blackstone-ai-cloud-deal-nvidia-stocks-c7c6306c,Somewhat-Bearish,-0.330107
NVDA,"Intel, Qualcomm interested in AI chip startup: report (INTC:NASDAQ)","Intel (INTC) and Qualcomm (QCOM) are reportedly interested in acquiring Tenstorrent, an AI chip startup. Tenstorrent has engaged with investment banks to explore its options following discussions with both Intel and Qualcomm.",Seeking Alpha,20260519T113825,https://seekingalpha.com/news/4594802-intel-qualcomm-interested-in-ai-chip-startup-report,Neutral,0.134721
NVDA,"Insider Selling: Taiwan Semiconductor Manufacturing (NYSE:TSM) VP Sells 200,000 Shares of Stock","Taiwan Semiconductor Manufacturing (NYSE:TSM) VP Tzu-Sou Chuang sold 200,000 shares for $13.97 million on May 19th, reducing his stake by 7.42% to 2,495,165 shares. Despite this insider selling, the company's stock was down 2.1% at the time, and analysts maintain a consensus ""Buy"" rating with an average price target of $404.29. TSMC, a highly profitable chip manufacturer with a $2.05 trillion market cap, also recently increased its quarterly dividend.",MarketBeat,20260519T111907,https://www.marketbeat.com/instant-alerts/insider-selling-taiwan-semiconductor-manufacturing-nysetsm-vp-sells-200000-shares-of-stock-2026-05-19/,Somewhat-Bullish,0.318696
NVDA,BofA reinstates ZoomInfo stock coverage with underperform rating,"BofA Securities has reinstated coverage on ZoomInfo Technologies (NASDAQ:ZI) with an Underperform rating and a $4.00 price target, citing concerns about terminal value risk and the existential threat posed by AI. Despite the stock trading near its 52-week low and generating strong free cash flows, the firm highlights a challenged revenue growth outlook for 2026 due to softening end-market demand and intensifying competitive pressures from large language models. While BofA sees limited near-term upside, InvestingPro analysis suggests the stock might be undervalued.",Investing.com,20260519T110947,https://www.investing.com/news/analyst-ratings/bofa-reinstates-zoominfo-stock-coverage-with-underperform-rating-93CH-4698123,Neutral,0.148104
NVDA,"Nvidia, Micron edge lower premarket; Alphabet, Blackstone higher","U.S. stock futures were subdued on Tuesday due to Middle East peace deal uncertainty and a decline in chipmaking stocks. Nvidia and Micron saw premarket dips, while Alphabet and Blackstone rose after announcing a new AI cloud company. Home Depot also posted better-than-expected earnings, and Hims & Hers Health was slightly lower following a convertible bond offering.",Investing.com,20260519T110712,https://www.investing.com/news/stock-market-news/nvidia-micron-edge-lower-premarket-alphabet-blackstone-higher-4698253,Somewhat-Bearish,-0.265731
NVDA,Alphabet (GOOGL) Stock Hits 52-Week High as $5 Trillion Market Cap Comes Into View,"Alphabet (GOOGL) stock recently achieved a 52-week high of $404.47, positioning it close to a $5 trillion market capitalization, a feat previously only reached by Nvidia. This surge is attributed to robust Q1 earnings, Berkshire Hathaway significantly increasing its stake, and anticipation surrounding Google I/O's AI announcements. Despite insider sales, analysts remain largely bullish on the stock.",CoinCentral,20260519T102744,https://coincentral.com/alphabet-googl-stock-hits-52-week-high-as-5-trillion-market-cap-comes-into-view/,Neutral,0.124685
NVDA,Tower Semiconductor (TSEM) Is Up 8.4% After $1.3B Silicon Photonics Deals Announced - Has The Bull Case Changed?,"Tower Semiconductor (TSEM) recently announced significant Silicon Photonics contracts totaling $1.3 billion in 2027 revenue and $290 million in prepaid capacity reservations, alongside record quarterly results. This strategic move deepens the company's ties to AI-driven optical connectivity demand and strengthens its growth narrative. While reinforcing near-term revenue catalysts, it also increases concentration risk, making the translation of these commitments into actual utilization and cash generation crucial for investors.",Simply Wall Street,20260519T100950,https://simplywall.st/stocks/us/semiconductors/nasdaq-tsem/tower-semiconductor/news/tower-semiconductor-tsem-is-up-84-after-13b-silicon-photonic,Somewhat-Bullish,0.313059
META,Hut 8 makes AI Push with $16M water project,"Hut 8 Corp is investing $16 million in water infrastructure upgrades in Louisiana to support its River Bend AI data center campus, which will utilize a closed-loop cooling system and avoid using residential water sources. This move reflects a growing trend of Bitcoin miners positioning themselves as AI infrastructure providers. The company aims to combine power generation, digital infrastructure, and compute capacity, despite recent financial results falling below analyst expectations.",Cryptopolitan,20260519T154030,https://www.cryptopolitan.com/hut-8-makes-ai-push-with-16m-water-project/,Neutral,0.11586
META,CoreWeave Has Raised $20 Billion in Capital This Year. Should Investors Be Worried?,"CoreWeave (CRWV) has secured over $20 billion in capital in 2026, including an $8.5 billion loan, a $2 billion investment from NVIDIA, and a $3.1 billion GPU-backed facility. While its Q1 revenue rose 111.7% year-over-year to $2.08 billion, the company's debt reached $17.3 billion, funding a capital-intensive buildout and resulting in a $740 million net loss and $536 million in interest expense. Investors are monitoring whether the revenue conversion from its $99.4 billion backlog can service its substantial debt, with share prices recently experiencing a pull-back.",Yahoo Finance,20260519T150858,https://finance.yahoo.com/markets/stocks/articles/coreweave-raised-20-billion-capital-144406639.html,Neutral,0.138532
META,CoreWeave Has Raised $20 Billion in Capital This Year. Should Investors Be Worried?,"CoreWeave has raised over $20 billion in capital in 2026, including an $8.5 billion term loan, a $2 billion investment from NVIDIA, and a $3.1 billion GPU-backed loan facility. The company's debt has grown significantly to fund its capital-intensive AI infrastructure buildout, resulting in increased revenue but also substantial net losses and capital expenditures. While a large revenue backlog provides a bull case, investor worries about the rising debt load and execution risk are reflected in recent stock performance.",24/7 Wall St.,20260519T150858,https://247wallst.com/investing/2026/05/19/coreweave-has-raised-20-billion-in-capital-this-year-should-investors-be-worried/,Somewhat-Bullish,0.152528
META,What's Going On With Microsoft Stock Tuesday?,"Microsoft (NASDAQ: MSFT) stock trended on Tuesday after a jury ruled against Elon Musk in a lawsuit involving OpenAI, dismissing claims against Microsoft and potentially a $134 billion clawback. Major investors, including President Donald Trump and hedge fund manager Bill Ackman, have been active with MSFT shares, with Ackman calling the stock undervalued despite AI and cloud concerns. Analysts hold a ""Buy"" rating with an average price target of $559.38, anticipating strong earnings growth for July 2026.",Benzinga,20260519T140810,https://www.benzinga.com/markets/tech/26/05/52664053/whats-going-on-with-microsoft-stock-tuesday-3,Neutral,0.101724
META,ServiceNow Inc Stock (NOW) Opened Up by 4.80% on May 19: Facts Behind the Movement,"ServiceNow Inc. (NOW) stock rose by 4.80% on May 19, driven by positive analyst ratings and recent AI innovations. Bank of America initiated coverage with a ""Buy"" rating and a $130 target, while Bernstein set a $236 target, recognizing ServiceNow as an ""AI operating layer."" The company's new AI products, including ""AI Control Tower"" and ""Otto,"" along with strategic partnerships, have reassured investors about its leadership in orchestrating and governing AI applications within large enterprises.",TradingKey,20260519T134800,https://www.tradingkey.com/news/market-movers/261910602-market-movers-now-20260519,Neutral,0.001435
META,"Enphase Energy, Inc. Trade Ideas — MIL:1ENPH","This article compiles various trading ideas and analyses for Enphase Energy (MIL:1ENPH) from different traders on TradingView. The perspectives range from bullish predictions of a rally to $80 or an eventual long-term uptrend, to bearish outlooks forecasting further declines due to technical patterns like bear flags or earnings overreactions. Traders discuss key price levels, technical indicators, and risk management, offering diverse strategies for both short and long positions.",TradingView,20260519T130732,https://www.tradingview.com/symbols/MIL-1ENPH/ideas/page-3/,Neutral,0.10571
META,Rezolve Ai research accepted at ACM conference on commerce AI,"Rezolve Ai's research on its TraceWare verification technology has been accepted for presentation at the 34th ACM International Conference on User Modeling, Adaptation and Personalization in June 2026. The peer-reviewed paper addresses AI reliability in conversational commerce, demonstrating TraceWare's high user-state accuracy compared to unconstrained foundation models. Despite current unprofitability, analysts project significant sales growth for Rezolve Ai, alongside strategic partnerships and platform integrations.",Investing.com,20260519T124151,https://www.investing.com/news/company-news/rezolve-ai-research-accepted-at-acm-conference-on-commerce-ai-93CH-4698443,Neutral,0.109975
META,Analyzing OKLO Post Q1 Results and Fresh AI-Nuclear Milestones,"Oklo Inc. (OKLO) reported a narrower-than-expected Q1 2026 loss, demonstrating progress in its advanced nuclear energy platform. The company's partnerships with Meta Platforms and NVIDIA link its strategy to clean power for data centers and AI-enabled engineering, despite being a pre-revenue business. While the stock has seen significant gains since its IPO, risks remain due to its early stage, regulatory challenges, and execution requirements for converting partnerships into long-term value.",TradingView,20260519T123946,https://www.tradingview.com/news/zacks:97b02a8fb094b:0-analyzing-oklo-post-q1-results-and-fresh-ai-nuclear-milestones/,Somewhat-Bullish,0.203804
META,"Sallie Mae (SLM): Buy, Sell, or Hold Post Q1 Earnings?","Sallie Mae's stock has declined significantly, raising questions for investors post-Q1 earnings. Expert analysts at StockStory suggest avoiding SLM due to stagnant long-term revenue growth and only marginal EPS improvement, despite its seemingly cheap valuation. They recommend exploring alternative investment opportunities, particularly in stable industrial businesses.",StockStory,20260519T100917,https://stockstory.org/us/stocks/nasdaq/slm/news/buy-or-sell/sallie-mae-slm-buy-sell-or-hold-post-q1-earnings,Somewhat-Bullish,0.340687
META,"DoubleVerify Launches AI-Powered Content-Level Controls on Meta Threads, Strengthening Brand Protection","DoubleVerify (DV) has launched new AI-powered pre-screen content controls on Meta Threads, allowing advertisers to avoid unsuitable content before ads are served. This initiative aims to strengthen brand protection and improve campaign performance by giving brands greater control over ad placements. These new controls, combined with existing post-bid measurement, provide a comprehensive approach to media quality on the platform.",Sahm,20260519T083920,https://www.sahmcapital.com/news/content/doubleverify-launches-ai-powered-content-level-controls-on-meta-threads-strengthening-brand-protection-2026-05-18,Somewhat-Bullish,0.301322
META,Revisiting asset allocation in an AI world,"The AI boom has significantly reshaped the U.S. stock market, leading to increased concentration in technology and higher-beta stocks, and elevated factor volatility. This structural shift necessitates a re-evaluation of asset allocation policies and emphasizes the importance of active risk management. Investors need to diversify beyond traditional methods, incorporate alternative return sources, and consider tactical opportunities in areas like healthcare, small/mid-cap equities, and emerging markets to build resilient portfolios in this evolving AI-driven environment.",T. Rowe Price,20260519T080838,https://www.troweprice.com/en/lu/financial-intermediary/insights/revisiting-asset-allocation-in-an-ai-world,Somewhat-Bullish,0.33973
META,Have U.S. stocks become too expensive?,"Despite high valuations and modest economic growth expectations, U.S. stock fundamentals remain strong, largely driven by booming investments in artificial intelligence (AI). The U.S. market's heavy tilt towards the AI sector, particularly mega-cap tech companies, has led to exceptional earnings growth and rising profitability measures for the S&P 500. While valuations are near historical highs, T. Rowe Price maintains a neutral stance, closely monitoring these underlying fundamentals for potential downside risks.",T. Rowe Price,20260519T073834,https://www.troweprice.com/en/de/insights/have-us-stocks-become-too-expensive.html,Bullish,0.405064
META,Has the AI arms race changed mega-cap tech?,"The AI arms race has significantly altered the landscape for mega-cap technology companies, which had previously enjoyed a decade of dominance due to unique competitive advantages. The shift has introduced increased competition and higher capital intensity, as these companies now vie directly across overlapping AI platforms and face new entrants. This challenging environment, characterized by less certainty around long-term margins, has led T. Rowe Price's Asset Allocation Committee to maintain an underweight position in U.S. large-cap stocks.",T. Rowe Price,20260519T073831,https://www.troweprice.com/en/at/insights/has-the-ai-arms-race-changed-mega-cap-tech.html,Somewhat-Bearish,-0.229584
META,Have U.S. stocks become too expensive?,"Despite historically high valuations and a modest economic outlook, U.S. stocks are supported by robust fundamentals, largely driven by significant investment in artificial intelligence. While interest-rate-sensitive sectors show weakness, the booming AI sector, represented by ""hyperscalers,"" is fueling strong earnings growth and profitability. The T. Rowe Price Asset Allocation Committee maintains a neutral weight in U.S. stocks, closely monitoring these underlying fundamentals.",T. Rowe Price,20260519T063831,https://www.troweprice.com/en/it/insights/have-us-stocks-become-too-expensive.html,Somewhat-Bullish,0.334281
META,Corning Stock To $126?,"Corning (GLW) stock has declined significantly and Trefis believes it could fall further, possibly reaching $126, due to its very high valuation despite the recent correction. While historical data shows potential for post-dip recovery, investors are advised to consider a strategy like Trefis's High Quality Portfolio for ""staying invested"" rather than trying to time the market. The article also reviews GLW's financial quality checks, which it passes.",Trefis,20260519T063150,https://www.trefis.com/stock/glw/articles/599740/corning-stock-to-126/2026-05-19,Neutral,0.148559
META,Has the AI arms race changed mega-cap tech?,"The AI arms race has significantly altered the landscape for mega-cap technology companies, moving away from the ideal conditions that fueled their dominance. The article highlights two key structural shifts: increased competition among top tech firms and new entrants, and a significant rise in capital intensity due to the massive investments required for AI development. These changes have led the T. Rowe Price Asset Allocation Committee to adopt an underweight position in U.S. large-cap stocks.",T. Rowe Price,20260519T033849,https://www.troweprice.com/en/pt/insights/has-the-ai-arms-race-changed-mega-cap-tech.html,Neutral,0.127921
META,This Nvidia-Backed Artificial Intelligence (AI) Infrastructure Company Is Solving a Key Problem. It Could Easily Become a Multibagger Stock in the Next 3 Years,"CoreWeave, an Nvidia-backed AI infrastructure company, is rapidly expanding its data center capacity to meet the surging demand for AI computing resources, which is currently outstripping supply. The company's aggressive build-out and strong revenue backlog, despite recent stock dips, position it for significant growth and potential multibagger returns over the next three years. Analysts are bullish on CoreWeave's future earnings as it converts contracted power into active data centers and improves margins.",The Globe and Mail,20260518T215034,https://www.theglobeandmail.com/investing/markets/stocks/GS-N/pressreleases/2003205/this-nvidia-backed-artificial-intelligence-ai-infrastructure-company-is-solving-a-key-problem-it-could-easily-become-a-multibagger-stock-in-the-next-3-years/,Bullish,0.532123
META,Is Now the Time to Buy Forgotten FAANG Stock Netflix?,"Netflix, once a prominent FAANG stock, is showing consistent revenue growth and is investing in AI to cut costs and improve content production. Despite being edged out of the ""Magnificent Seven,"" its recent strong first-quarter earnings and a reasonable P/E ratio suggest it might be a worthwhile investment. The company continues to successfully implement price hikes and engage users with new ventures like a kids' gaming app.",The Motley Fool,20260518T210818,https://www.fool.com/investing/2026/05/18/is-now-time-buy-forgotten-faang-stock-netflix/,Neutral,0.100561
META,SAP SE Stock (SAP) Closed Up by 3.27% on May 18: Drivers Behind the Movement,"SAP SE (SAP) stock closed up by 3.27% on May 18, driven primarily by positive sentiment around its significant advancements in Artificial Intelligence and favorable analyst coverage. Deutsche Bank, BMO Capital, and Goldman Sachs all reiterated ""Buy"" or ""Outperform"" ratings, citing SAP's ""Autonomous Enterprise"" strategy, strong financial outlook, and strategic AI acquisitions. The company's reiterated cloud revenue projections for 2026 and its commitment to becoming an AI-first company also contributed to investor confidence.",TradingKey,20260518T204100,https://www.tradingkey.com/news/market-movers/261907256-market-movers-sap-20260518,Somewhat-Bearish,-0.204769
META,Adobe Inc Stock (ADBE) Closed Up by 3.29% on May 18: A Full Analysis,"Adobe Inc (ADBE) stock rose 3.29% on May 18, driven by strong earnings, raised fiscal year 2026 guidance, and strategic moves like the acquisition of Semrush and new AI feature rollouts. Despite positive company news and industry tailwinds, technical indicators are mixed, and regulatory investigations and competitive pressures from generative AI remain ongoing risks. Analysts hold a ""Hold"" rating with an average price target of $319.19, acknowledging the potential threats from emerging AI alternatives to Adobe's market share and pricing power.",TradingKey,20260518T201456,https://www.tradingkey.com/news/market-movers/261907258-market-movers-adbe-20260518,Somewhat-Bearish,-0.168834
META,"Meta Platforms (META) trustee sold 130,062 shares; 9,195 RSU shares to be resold","Meta Platforms filed a Form 144 indicating a proposed sale of 9,195 Class A common shares related to a Restricted Stock Unit Lapse on May 15, 2026. The filing also detailed three trustee sales in February 2026 by ""SUSAN J LI TTEE"" totaling 130,062 shares, with corresponding dollar amounts. These disclosures are part of routine compliance for resale eligibility under Rule 144.",Stock Titan,20260518T200202,https://www.stocktitan.net/sec-filings/META/144-meta-platforms-inc-sec-filing-d22404a3b24f.html,Neutral,0.020073
META,"META (NASDAQ: META) insider Javier Olivan files multiple Rule 144 sales, Feb–May 2026","Meta Platforms, Inc. insider Javier Olivan has filed multiple Rule 144 sales transactions between February and May 2026, as reported in a recent SEC filing. These sales include significant amounts on various dates, noting specific figures such as 1014917.00 on February 23, 2026, and 940106.00 on May 11, 2026. The filing provides details on the acquisition of the securities, primarily through Restricted Stock Unit (RSU) lapses, and aggregates of sales made over the past three months.",Stock Titan,20260518T200102,https://www.stocktitan.net/sec-filings/META/144-meta-platforms-inc-sec-filing-fc233d6f3183.html,Neutral,-0.076901
META,Meta Platforms (NASDAQ: META) reports Class A sale tied to RSU lapse,"Meta Platforms (NASDAQ: META) has filed a Form 144 indicating an intended sale of Class A common stock linked to a Restricted Stock Unit (RSU) lapse dated May 15, 2026. The filing includes numeric line items such as 4,769,642.00 and notes 2,196,045,588 shares outstanding as of May 18, 2026. It also references a prior reported sale by Andrew Bosworth on February 18, 2026.",Stock Titan,20260518T200102,https://www.stocktitan.net/sec-filings/META/144-meta-platforms-inc-sec-filing-c0fd54b4ffb1.html,Neutral,0.062265
META,Has the AI arms race changed mega-cap tech?,"The article discusses how the artificial intelligence (AI) arms race has significantly altered the competitive landscape for mega-cap technology companies. It highlights two key structural shifts: increased competition among established firms and new entrants, and much higher capital intensity needed for AI development. These changes challenge the ideal conditions that previously fueled these companies' outperformance, leading to a reevaluation of their long-term margins and market dominance.",T. Rowe Price,20260518T193826,https://www.troweprice.com/en/nl/insights/has-the-ai-arms-race-changed-mega-cap-tech,Somewhat-Bearish,-0.251026
META,Applovin Corp Stock (APP) Moved Down by 3.01% on May 18: Key Drivers Unveiled,"Applovin Corp (APP) experienced a 3.01% drop on May 18th despite strong first-quarter 2026 results and positive analyst sentiment. The stock's downward movement and intraday volatility are primarily attributed to an ongoing SEC investigation into the company's data collection practices, concerns over potential impacts on its AI platform, and some institutional selling. Analysts still largely maintain ""Buy"" ratings with high price targets, recognizing the potential of its AI-powered advertising platform, Axon 2.0.",TradingKey,20260518T191503,https://www.tradingkey.com/news/market-movers/261907081-market-movers-app-20260518,Neutral,0.020164
META,"DoubleVerify Holdings, Inc. has launched AI-powered content-level control features on Meta's Threads platform, aiming to significantly enhance brand safety capabilities.","DoubleVerify Holdings, Inc. has introduced new AI-powered content-level control features on Meta's Threads platform to boost brand safety. This technology offers advertisers precise content control by analyzing content in real-time to mitigate risks and protect brand image. The initiative aims to strengthen DoubleVerify's market position in media quality verification, providing robust protection for marketing on emerging social platforms like Threads.",Bitget,20260518T163920,https://www.bitget.com/news/detail/12560605417180,Somewhat-Bullish,0.315655
META,Viking Global Opens Fresh Apple Stake Worth Nearly $1 Billion As Big Tech Trade Roars Back,"Viking Global Investors has opened a new position in Apple (NASDAQ: AAPL) worth nearly $1 billion, signaling a renewed interest in Big Tech. The hedge fund also increased stakes in Tesla and Carvana, while adding new positions in Meta Platforms, Reddit, CoreWeave, FedEx, Hasbro, and Home Depot, indicating a diversified strategy beyond just AI. This move suggests institutional investors are once again valuing scale, cash flow, and AI opportunities in mega-cap technology companies.",Benzinga,20260518T163658,https://www.benzinga.com/markets/hedge-funds/26/05/52642693/viking-global-opens-fresh-apple-stake-worth-nearly-1-billion-as-big-tech-trade-roars-back,Somewhat-Bullish,0.307439
META,Papa John’s hit with class action over alleged tracking despite users rejecting cookies,"A class action lawsuit has been filed against Papa John's International Inc., alleging the company tracks users' data even when they opt out of website cookies. Plaintiffs claim Papa John's violates California privacy laws by allowing third-party trackers (like Facebook, Google, and Amazon) to collect browsing history, demographic information, and geolocation data without consent. The lawsuit seeks damages and an injunction to stop these alleged privacy violations.",Class Action Lawsuits,20260518T153947,https://topclassactions.com/lawsuit-settlements/lawsuit-news/papa-johns-hit-with-class-action-over-alleged-tracking-despite-users-rejecting-cookies/,Neutral,-0.130209
META,Meta Platforms Inc Class A Trade Ideas — SIX:META,"This article compiles various trade ideas and analyses for Meta Platforms Inc Class A stock (META), with several contributors providing technical breakdowns and outlooks ranging from bullish to bearish. Many analyses focus on price action, key support/resistance levels, and patterns like falling wedges and rounded tops, often incorporating Fibonacci retracements and GEX flow. The article also includes extensive educational sections on ESG investing, green energy investments, gold as a safe-haven asset, central bank policies, market volatility, geopolitical risks, and the impact of trade on economics, providing broad market context alongside the META-specific insights.",TradingView,20260518T153806,https://www.tradingview.com/symbols/SIX-META/ideas/page-11/,Neutral,-0.088928
META,Alphabet Inc. Class A Trade Ideas — LSX:A14Y6F,"This article compiles several trading ideas and analyses for Alphabet Inc. Class A (LSX:A14Y6F) from various traders on TradingView. The perspectives range from bullish forecasts expecting a rise to resistance levels, to bearish analyses anticipating further declines based on technical indicators like head-and-shoulders patterns, moving averages, and Fibonacci retracements. Several contributors discuss the current market conditions, including geopolitical influences and AI infrastructure investments, and their potential impact on Alphabet's stock price.",TradingView,20260518T150830,https://www.tradingview.com/symbols/LSX-A14Y6F/ideas/page-3/,Somewhat-Bearish,-0.241197
META,Oracle Corp Stock (ORCL) Moved Down by 3.01% on May 18: Drivers Behind the Movement,"Oracle Corp (ORCL) shares fell by 3.01% on May 18, primarily due to negative sentiment in the broader technology sector and market caution ahead of an upcoming semiconductor earnings report. Despite Oracle's strong company-specific fundamentals, including robust Q3 FY2026 results and strategic initiatives, these positive factors were overshadowed by market-wide anxieties concerning potential overvaluation in the AI sector and narrow market breadth. Technical indicators showed a buy signal, but some analysts noted the stock trading at a premium.",TradingKey,20260518T141610,https://www.tradingkey.com/news/market-movers/261906300-market-movers-orcl-20260518,Neutral,-0.114447
META,DoubleVerify Rolls Out AI Content-Level Ad Controls Across Meta Threads Platform,"DoubleVerify (DV) has announced the rollout of its AI-powered content-level ad controls on Meta Threads, aiming to enhance brand safety and suitability for advertisers on the platform. This expansion allows advertisers to gain greater control over ad placement and ensure their campaigns align with brand values. The collaboration leverages DoubleVerify's AI technology to categorize content and provide granular controls for ad delivery.",marketscreener.com,20260518T140933,https://www.marketscreener.com/news/doubleverify-rolls-out-ai-content-level-ad-controls-across-meta-threads-platform-ce7f5adadc81f427,Somewhat-Bullish,0.246651
META,Buy Cisco as a New Leader of the AI Networking Infrastructure Space,"Cisco Systems is emerging as a leader in the AI networking infrastructure space, driven by strong product orders from hyperscalers and significant growth in its networking portfolio. The company reported record-high revenues in Q3 fiscal 2026, fueled by increasing AI workloads and modernizing networks. Cisco's strategic reallocation of resources towards AI networking infrastructure, network security, silicon, and optics, coupled with strong guidance and positive estimate revisions, positions it for continued substantial growth.",The Globe and Mail,20260518T140721,https://www.theglobeandmail.com/investing/markets/stocks/CSCO/pressreleases/1995147/buy-cisco-as-a-new-leader-of-the-ai-networking-infrastructure-space/,Somewhat-Bullish,0.333816
META,A Look At Crown Castle’s Valuation As Investors Reassess Its Tower Focused Reset,"Crown Castle (CCI) is currently trading at US$86.66, with analysts suggesting a fair value of $98.72, implying it's 12.2% undervalued. This valuation hinges on the successful execution of its tower-focused reset, specifically the sale of its fiber segment to become a pure-play U.S. tower company. However, the investment thesis carries risks, including potential delays in the fiber sale or regulatory approvals, which could challenge the undervaluation.",Simply Wall Street,20260518T134011,https://simplywall.st/stocks/us/real-estate/nyse-cci/crown-castle/news/a-look-at-crown-castles-valuation-as-investors-reassess-its,Somewhat-Bullish,0.211355
META,"DoubleVerify Holdings, Inc. has launched AI-powered content-level control features on Meta's Threads platform, aiming to significantly enhance brand safety capabilities.","DoubleVerify Holdings, Inc. has introduced AI-powered content-level control features on Meta's Threads platform to boost brand safety. This new feature uses advanced AI for real-time content analysis, allowing advertisers to ensure brand messages appear in safe and appropriate contexts and avoid potential risks. The initiative aims to protect brand image and enhance DoubleVerify's market position in brand safety and media quality verification.",Bitget,20260518T130933,https://www.bitget.com/amp/news/detail/12560605417180,Somewhat-Bullish,0.318003
META,"DoubleVerify Launches AI-Powered Content-Level Controls on Meta Threads, Strengthening Brand Protection","DoubleVerify (DV) has launched AI-powered pre-screen content controls on Meta Threads, allowing advertisers to avoid unsuitable content before ads are served. These new capabilities, combined with existing post-bid measurement, offer comprehensive brand protection and aim to improve campaign performance. DV's Universal Content Intelligence™ powers these controls, offering granular content classification and hourly refreshes for continuous protection.",Yahoo Finance Singapore,20260518T130933,https://sg.finance.yahoo.com/news/doubleverify-launches-ai-powered-content-130000346.html,Somewhat-Bullish,0.305595
META,Buy Cisco as a New Leader of the AI Networking Infrastructure Space,"Cisco Systems (CSCO) is positioned as a leader in AI networking infrastructure, benefiting from strong demand from hyperscalers and enterprises. The company reported impressive third-quarter fiscal 2026 earnings, driven by its networking portfolio and AI-native security solutions. Cisco is reallocating resources towards AI networking, security, silicon, and optics, and raised its fiscal 2026 outlook, making it a compelling investment in the AI revolution.",TradingView,20260518T123720,https://www.tradingview.com/news/zacks:f656b17ec094b:0-buy-cisco-as-a-new-leader-of-the-ai-networking-infrastructure-space/,Somewhat-Bullish,0.33461
META,"Wesbanco Bank Inc. Has $55.86 Million Stake in Meta Platforms, Inc. $META","Wesbanco Bank Inc. significantly increased its stake in Meta Platforms, Inc. ($META) by 1.7% in the fourth quarter, bringing its total holding to 84,617 shares valued at $55.86 million, making Meta its 9th largest holding. This increase follows Meta's strong earnings report where both EPS and revenue surpassed estimates, despite some recent analyst downgrades to ""hold."" Institutional ownership of Meta remains high at 79.91%, with a consensus ""Moderate Buy"" rating and an average price target of $840.31 from Wall Street analysts.",MarketBeat,20260518T114024,https://www.marketbeat.com/instant-alerts/filing-wesbanco-bank-inc-has-5586-million-stake-in-meta-platforms-inc-meta-2026-05-18/,Somewhat-Bullish,0.327493
META,Nurix Therapeutics : NRIX,"Nurix Therapeutics Inc. (NRIX) is a clinical-stage biopharmaceutical company focused on developing new treatments for cancer, inflammatory conditions, and other diseases. They specialize in small molecule and cell therapies, including those for B-cell malignancies, autoimmune diseases, and immuno-oncology, and have collaborations with major industry players like Gilead Sciences and Sanofi. The article highlights their current stock data, showing NRIX at $15.55, up 1.94%.",24/7 Wall St.,20260518T114003,https://247wallst.com/companies/nrix/,Somewhat-Bearish,-0.334529
META,Oppenheimer Boosts Oracle Stock Price Target as AI Demand Drives Growth,"Oppenheimer raised its price target for Oracle (ORCL) stock from $210 to $235, maintaining its Outperform rating and naming it a top pick. This upgrade is driven by strong demand for Oracle's technology infrastructure, evidenced by spending data from major customers and a recent workforce restructuring expected to improve margins. The firm anticipates Oracle's Q4 revenue to benefit from significant commitments with AI leaders like OpenAI, Meta, Nvidia, and federal government contracts, further bolstered by Microsoft outsourcing some AI training workloads to Oracle.",TIKR.com,20260518T112513,https://www.tikr.com/blog/oppenheimer-boosts-oracle-nyse-orcl-stock-price-target-as-ai-demand-drives-growth,Somewhat-Bullish,0.315008
META,A Look At Avnet (AVT) Valuation After StockStory Sell Rating And Cash Flow Concerns,"A recent StockStory report has placed pressure on Avnet (AVT) due to concerns about stagnant sales, lower earnings per share, and weak free cash flow margins, despite the stock's strong recent performance. The report estimates Avnet's fair value at $66, indicating it is currently overvalued compared to its last close of $84.06. While the company exhibits momentum from improving book-to-bill ratios and operational efficiency, risks such as weaker EMEA demand and pressure on gross margins from Asian sales could challenge future growth.",Simply Wall Street,20260518T110913,https://simplywall.st/stocks/us/tech/nasdaq-avt/avnet/news/a-look-at-avnet-avt-valuation-after-stockstory-sell-rating-a,Somewhat-Bearish,-0.298621
META,"Spear Advisors LLC Invests $4.80 Million in Arista Networks, Inc. $ANET","Spear Advisors LLC has acquired a new position in Arista Networks, Inc. (NYSE:ANET), purchasing 36,600 shares valued at approximately $4.796 million, making it their 15th largest holding. The article also details other institutional investor activities, recent analyst ratings, and insider transactions, alongside Arista Networks' financial performance and company profile. Sentiment around the stock is mixed, with some analysts seeing a buying opportunity after a recent pullback, while others question its valuation after strong multi-year gains.",MarketBeat,20260518T110203,https://www.marketbeat.com/instant-alerts/filing-spear-advisors-llc-invests-480-million-in-arista-networks-inc-anet-2026-05-18/,Somewhat-Bullish,0.232141
META,Nathan Bennett - Summit Financial Group | Raymond James,"This page profiles Nathan Bennett of Summit Financial Group | Raymond James, highlighting his recognition on Forbes' 2026 Best-In-State Wealth Advisors list for Northern California. It provides details on his typical client asset and net worth, as well as his team's total assets. The profile also lists other advisors and related Forbes articles.",Forbes,20260518T103822,https://www.forbes.com/profile/nathan-bennett-1/,Neutral,-0.117851
META,JPMorganChase’s Tracy-Ann Lim leads ad tech transformation at the bank,"Tracy-Ann Lim of JPMorganChase is being recognized for her leadership in ad tech transformation at the bank. She was instrumental in launching the bank's first large language model use case specifically for marketing. This achievement has earned her a spot on the 2026 Ad Age Tech Power List, which honors leaders in ad technology and brand innovation.",Ad Age,20260518T100008,https://adage.com/events-awards/tech-power-list/aa-tracy-ann-lim-jpmorganchase/,Neutral,0.135615
META,"North Dakota State Investment Board Makes New $4.64 Million Investment in Arista Networks, Inc. $ANET","The North Dakota State Investment Board initiated a new position in Arista Networks (NYSE:ANET) during the fourth quarter, purchasing 35,381 shares valued at approximately $4.64 million. Despite recent insider selling by executives like Kenneth Duda and Charles H. Giancarlo, institutional ownership remains high at 82.47%. Analysts are largely bullish on Arista Networks, with an average ""Buy"" rating and a price target of $181.84, following strong Q1 earnings where EPS of $0.87 surpassed estimates and revenue grew 35.1% year-over-year.",MarketBeat,20260518T093704,https://www.marketbeat.com/instant-alerts/filing-north-dakota-state-investment-board-makes-new-464-million-investment-in-arista-networks-inc-anet-2026-05-18/,Bullish,0.50053
META,Life after IBM: Brandywine tees up $31M in renovations for 66-acre Austin office campus,"Brandywine Realty Trust is planning a $31 million renovation of Building 902 at its 66-acre North Austin office campus, Uptown ATX, following IBM's expected departure in mid-2027. The tech giant's exit prompted Brandywine to shift its strategy for the campus from demolition to multi-million dollar renovations of existing buildings, reflecting a significant softening in Austin's office market. The updated plans will see a reduced proportion of office space in the mixed-use development, alongside delivered projects like One Uptown and Solaris House.",The Real Deal,20260518T084700,https://therealdeal.com/texas/2026/05/18/brandywine-tees-up-uptown-atx-renovation-plans/,Neutral,0.117506
META,Channel Wealth LLC Has $13.86 Million Holdings in Alphabet Inc. $GOOG,"Channel Wealth LLC recently reduced its stake in Alphabet Inc. ($GOOG) by 9.0% in Q4, but it still holds 44,170 shares valued at approximately $13.86 million, making it the firm's 6th largest position. Alphabet reported strong Q4 financial results with EPS of $5.11 and revenue up 21.8% year-over-year. Analysts remain largely bullish on Alphabet, expecting positive momentum from upcoming AI announcements at Google I/O despite concerns about heavy AI spending and some insider/hedge fund selling.",MarketBeat,20260518T074651,https://www.marketbeat.com/instant-alerts/filing-channel-wealth-llc-has-1386-million-holdings-in-alphabet-inc-goog-2026-05-18/,Neutral,0.130014
META,Nvidia’s Hidden Portfolio Just Doubled Down on CoreWeave Stock,"Nvidia has significantly increased its stake in CoreWeave, now owning about 11% of the company with 47.2 million shares valued at $3.66 billion. This move highlights Nvidia's strategy to invest across the AI supply chain, beyond just selling GPUs, to ensure infrastructure providers like CoreWeave can deploy Nvidia hardware at scale. CoreWeave has also secured major deals with Meta, Jane Street, Anthropic, and Perplexity AI, underscoring its growing importance in the AI infrastructure market.",Yahoo Finance,20260518T030810,https://finance.yahoo.com/markets/stocks/articles/nvidia-hidden-portfolio-just-doubled-151949175.html,Somewhat-Bullish,0.345728
META,Alphabet Inc. (Class A) stock (US02079K3059): cloud margins and AI hopes keep investors on alert,"Alphabet Inc. (Class A) has shown accelerated growth in its Google Cloud and services businesses, driven by strong advertising revenue and increasing demand for AI-focused infrastructure. Investors are closely monitoring how the company's significant AI investments and improving segment margins will translate into future cash flows and stock performance on Nasdaq. The company faces intense competition and regulatory scrutiny but is leveraging its AI capabilities and strong market positions to maintain growth.",AD HOC NEWS,20260518T021637,https://www.ad-hoc-news.de/boerse/news/ueberblick/alphabet-inc-class-a-stock-us02079k3059-cloud-margins-and-ai-hopes/69361900,Somewhat-Bullish,0.20309
META,A Look At Check Point Software Technologies (CHKP) Valuation After Recent Share Price Rebound,"Check Point Software Technologies (CHKP) has seen recent share price gains of 3.1% (1-day) and 7.9% (7-day), despite a year-to-date decline of 31.5% and a 1-year total shareholder return decline of 43.3%. The company is currently considered 36.8% undervalued with a narrative fair value of $196.30 against a last close of $124.03, supported by strong growth in its Infinity platform. Investors are encouraged to review both the potential upsides and risks like manufacturing costs and increased competition before making investment decisions.",Simply Wall Street,20260517T180917,https://simplywall.st/stocks/us/software/nasdaq-chkp/check-point-software-technologies/news/a-look-at-check-point-software-technologies-chkp-valuation-a-9,Neutral,-0.107586
